key,中文原文,英文,所在FTU,控件ID,控件名/caption,控件类型,字段名,JSON路径,备注
deviceList.50016.text,水压表,,deviceList.ftu,50016,WaterBar,textview,text,window__9.textview__10,
deviceList.50017.text,流量表,,deviceList.ftu,50017,TextView2,textview,text,window__9.textview__11,
deviceList.50037.text,运行状态,,deviceList.ftu,50037,RunStatusLabel,textview,text,window__9.window__12.textview__13,
deviceList.50038.text,待机,,deviceList.ftu,50038,RunStatusValueText,textview,text,window__9.window__12.textview__14,
deviceList.50039.text,水压,,deviceList.ftu,50039,WaterPressureLabel,textview,text,window__9.window__12.textview__15,
deviceList.50040.text,无,,deviceList.ftu,50040,WaterPressureValueText,textview,text,window__9.window__12.textview__16,
deviceList.50041.text,流量,,deviceList.ftu,50041,FlowLabel,textview,text,window__9.window__12.textview__17,
deviceList.50042.text,无,,deviceList.ftu,50042,FlowValueText,textview,text,window__9.window__12.textview__18,
deviceList.50050.text,水泵1,,deviceList.ftu,50050,PumpLabel1,textview,text,window__9.window__22.textview__24,
deviceList.50051.text,水泵2,,deviceList.ftu,50051,PumpLabel2,textview,text,window__9.window__22.textview__27,
deviceList.50052.text,水泵3,,deviceList.ftu,50052,PumpLabel3,textview,text,window__9.window__22.textview__30,
deviceList.50053.text,水泵4,,deviceList.ftu,50053,PumpLabel4,textview,text,window__9.window__22.textview__33,
deviceList.50054.text,水泵5,,deviceList.ftu,50054,PumpLabel5,textview,text,window__9.window__22.textview__36,
deviceList.20025.text,开始时间,,deviceList.ftu,20025,Button14,button,text,window__47.button__64,
deviceList.51015.text,程序1,,deviceList.ftu,51015,ShowProgEditText,edittext,text,window__47.edittext__65,
deviceList.20030.text,星期模式,,deviceList.ftu,20030,WeekModeButton,button,text,window__47.button__69,
deviceList.20031.text,隔天模式,,deviceList.ftu,20031,IntervalModeButton,button,text,window__47.button__70,
deviceList.20034.text,星期三,,deviceList.ftu,20034,WednesdayButton,button,text,window__47.button__71,
deviceList.20032.text,星期四,,deviceList.ftu,20032,ThursdayButton,button,text,window__47.button__72,
deviceList.20033.text,星期五,,deviceList.ftu,20033,FridayButton,button,text,window__47.button__73,
deviceList.20035.text,星期六,,deviceList.ftu,20035,SaturdayButton,button,text,window__47.button__74,
deviceList.20036.text,每天,,deviceList.ftu,20036,EverDayButton,button,text,window__47.button__75,
deviceList.20037.text,星期日,,deviceList.ftu,20037,SundayButton,button,text,window__47.button__76,
deviceList.20038.text,星期一,,deviceList.ftu,20038,MondayButton,button,text,window__47.button__77,
deviceList.20039.text,星期二,,deviceList.ftu,20039,TuesdayButton,button,text,window__47.button__78,
deviceList.20040.text,间隔,,deviceList.ftu,20040,Button26,button,text,window__47.button__80,
deviceList.20041.text,延后,,deviceList.ftu,20041,Button27,button,text,window__47.button__81,
deviceList.20042.text,启用,,deviceList.ftu,20042,OnOffProgTextButton,button,text,window__47.button__83,
deviceList.24013.text,阀组[],,deviceList.ftu,24013,RunTimeNameSubItem,listview,text,window__47.listview__84.item.subItem.0,
deviceList.24014.text,时长 00小时 00分 00秒,,deviceList.ftu,24014,RunTimeValueSubItem,listview,text,window__47.listview__84.item.subItem.1,
deviceList.20043.text,设置运行时间,,deviceList.ftu,20043,Button16,button,text,window__47.window__86.button__87,
deviceList.20044.text,时,,deviceList.ftu,20044,Button17,button,text,window__47.window__86.button__89,
deviceList.20045.text,分,,deviceList.ftu,20045,Button18,button,text,window__47.window__86.button__90,
deviceList.20046.text,秒,,deviceList.ftu,20046,Button19,button,text,window__47.window__86.button__92,
deviceList.20049.text,清除,,deviceList.ftu,20049,SetRunTimeZeroButton,button,text,window__47.window__86.button__96,
deviceList.50030.text,提示用户,,deviceList.ftu,50030,W3TipTextView,textview,text,window__47.window__97.textview__98,
deviceList.20026.text,喷雾程序,,deviceList.ftu,20026,Button15,button,text,window__47.button__99,
deviceList.20050.text,设备测试,,deviceList.ftu,20050,Button20,button,text,window__101.button__102,
deviceList.24016.text,名称,,deviceList.ftu,24016,DeviceTestNameTipSubItem,listview,text,window__101.listview__103.item.subItem.0,
deviceList.24017.text,操作,,deviceList.ftu,24017,DeviceTestActionTipSubItem,listview,text,window__101.listview__103.item.subItem.1,
deviceList.24015.text,编号,,deviceList.ftu,24015,DeviceTestNumTipSubItem,listview,text,window__101.listview__103.item.subItem.2,
deviceList.24019.text,水泵1,,deviceList.ftu,24019,DeviceTestNameValueSubItem,listview,text,window__101.listview__105.item.subItem.1,
deviceList.24021.text,编号,,deviceList.ftu,24021,GroupTestNumTipSubItem,listview,text,window__101.listview__107.item.subItem.0,
deviceList.24022.text,名称,,deviceList.ftu,24022,GroupTestNameTipSubItem,listview,text,window__101.listview__107.item.subItem.1,
deviceList.24023.text,操作,,deviceList.ftu,24023,GroupTestActionTipSubItem,listview,text,window__101.listview__107.item.subItem.2,
deviceList.24025.text,阀组[1],,deviceList.ftu,24025,GroupTestNameValueSubItem,listview,text,window__101.listview__109.item.subItem.1,
deviceList.20051.text,阀组测试,,deviceList.ftu,20051,Button21,button,text,window__101.button__111,
deviceList.24027.text,编号,,deviceList.ftu,24027,SubItem13,listview,text,window__101.listview__112.item.subItem.0,
deviceList.24028.text,名称,,deviceList.ftu,24028,SubItem14,listview,text,window__101.listview__112.item.subItem.1,
deviceList.24029.text,数据,,deviceList.ftu,24029,SubItem15,listview,text,window__101.listview__112.item.subItem.2,
deviceList.24031.text,水压表,,deviceList.ftu,24031,SenserTestNameValueSubItem,listview,text,window__101.listview__114.item.subItem.1,
deviceList.20052.text,传感器数据,,deviceList.ftu,20052,Button22,button,text,window__101.button__116,
deviceList.20075.text,测试地址,,deviceList.ftu,20075,TestAdressOkButton,button,text,window__117.button__121,
deviceList.20077.text,修改地址,,deviceList.ftu,20077,ChangeAdressOkButton,button,text,window__117.button__122,
deviceList.22001.text,传感器,,deviceList.ftu,22001,SenserRadioButton,radiogroup,text,window__117.radiogroup__123.radiobuttons.0,
deviceList.22002.text,电磁阀,,deviceList.ftu,22002,ValueRadioButton,radiogroup,text,window__117.radiogroup__123.radiobuttons.1,
deviceList.20053.text,解码器类型,,deviceList.ftu,20053,Button40,button,text,window__117.button__124,
deviceList.20054.text,解码器类型,,deviceList.ftu,20054,Button41,button,text,window__117.button__125,
deviceList.20059.text,喷雾程序,,deviceList.ftu,20059,Button23,button,text,window__128.button__129,
deviceList.20061.text,灌溉时间,,deviceList.ftu,20061,Button24,button,text,window__128.button__146,
deviceList.20066.text,浸泡时间,,deviceList.ftu,20066,Button31,button,text,window__128.button__147,
deviceList.20067.text,时,,deviceList.ftu,20067,Button32,button,text,window__128.button__149,
deviceList.20068.text,秒,,deviceList.ftu,20068,Button33,button,text,window__128.button__150,
deviceList.20069.text,分,,deviceList.ftu,20069,Button34,button,text,window__128.button__151,
deviceList.20070.text,秒,,deviceList.ftu,20070,Button35,button,text,window__128.button__156,
deviceList.20071.text,分,,deviceList.ftu,20071,Button36,button,text,window__128.button__158,
deviceList.20072.text,时,,deviceList.ftu,20072,Button37,button,text,window__128.button__159,
deviceList.20073.text,喷雾间隔,,deviceList.ftu,20073,Button38,button,text,window__128.button__160,
deviceList.20074.text,天,,deviceList.ftu,20074,Button39,button,text,window__128.button__162,
deviceList.50031.text,提示用户,,deviceList.ftu,50031,CycleTipTextView,textview,text,window__128.textview__164,
deviceList.50018.text,设备地址,,deviceList.ftu,50018,TextView1,textview,text,window__165.textview__167,
deviceList.50019.text,设备名称,,deviceList.ftu,50019,TextView3,textview,text,window__165.textview__169,
deviceList.20012.text,删除,,deviceList.ftu,20012,W2_DelButton,button,text,window__165.button__171,
deviceList.24011.text,阀组[],,deviceList.ftu,24011,IrrArr_SubItem,listview,text,window__165.listview__173.item.subItem.0,
deviceList.20016.text,清空阀组,,deviceList.ftu,20016,ClearIrr_Button,button,text,window__165.button__175,
deviceList.20014.text,关联传感器,,deviceList.ftu,20014,GroupBind_Button,button,text,window__165.button__176,
deviceList.50021.text,阀组编号,,deviceList.ftu,50021,TextView4,textview,text,window__178.textview__180,
deviceList.50022.text,阀组名称,,deviceList.ftu,50022,TextView5,textview,text,window__178.textview__182,
deviceList.20017.text,删除阀组,,deviceList.ftu,20017,GroupDelButton,button,text,window__178.button__184,
deviceList.20018.text,关联,,deviceList.ftu,20018,GroupAddButton,button,text,window__178.button__185,
deviceList.50023.text,已关联水泵,,deviceList.ftu,50023,TextView6,textview,text,window__178.textview__188,
deviceList.50024.text,已关联传感器,,deviceList.ftu,50024,TextView7,textview,text,window__178.textview__189,
deviceList.20019.text,选择水泵,,deviceList.ftu,20019,SelectPumpButton,button,text,window__178.button__190,
deviceList.20020.text,选择传感器,,deviceList.ftu,20020,SelectSenserButton,button,text,window__178.button__191,
deviceList.item.text,水泵1,,deviceList.ftu,,item,listview,text,window__178.listview__192.item,
deviceList.item.text,雨量,,deviceList.ftu,,item,listview,text,window__178.listview__194.item,
ethernetsetting.20001.text,保存,,ethernetsetting.ftu,20001,SAVE_BUTTON,button,text,button__4,
ethernetsetting.50001.text,连接类型,,ethernetsetting.ftu,50001,connectType,textview,text,textview__5,
ethernetsetting.20002.text,自动获取IP,,ethernetsetting.ftu,20002,DYNAMIC_IP_BUTTON,button,text,button__6,
ethernetsetting.20003.text,静态IP,,ethernetsetting.ftu,20003,STATIC_IP_BUTTON,button,text,button__7,
ethernetsetting.50002.text,IP地址,,ethernetsetting.ftu,50002,ipAddr,textview,text,window__8.textview__9,
ethernetsetting.50005.text,子网掩码,,ethernetsetting.ftu,50005,mask,textview,text,window__8.textview__11,
ethernetsetting.50010.text,默认网关,,ethernetsetting.ftu,50010,gateWay,textview,text,window__8.textview__13,
ethernetsetting.50014.text,首选DNS服务器,,ethernetsetting.ftu,50014,firstDNS,textview,text,window__8.textview__15,
ethernetsetting.50018.text,备用DNS服务器,,ethernetsetting.ftu,50018,secondDNS,textview,text,window__8.textview__17,
ethernetsetting.50007.text,IP地址：,,ethernetsetting.ftu,50007,ipAddrTip,textview,text,window__8.textview__19,
ethernetsetting.50009.text,MAC地址：,,ethernetsetting.ftu,50009,macAddrTip,textview,text,window__8.textview__21,
ethernetsetting.50003.text,当前状态：,,ethernetsetting.ftu,50003,TextView1,textview,text,window__8.textview__23,
ethernetsetting.50038.text,保存成功,,ethernetsetting.ftu,50038,saveTip,textview,text,window__25.textview__26,
Language.20003.text,中文,,Language.ftu,20003,Button0,button,text,window__1.button__3,
Language.20001.text,英文,,Language.ftu,20001,Button1,button,text,window__1.button__4,
Language.20002.text,法文,,Language.ftu,20002,Button2,button,text,window__1.button__5,
Language.20004.text,德文,,Language.ftu,20004,Button3,button,text,window__1.button__6,
Language.20007.text,日文,,Language.ftu,20007,Button5,button,text,window__1.button__7,
main.50016.text,水压表,,main.ftu,50016,WaterBar,textview,text,window__6.textview__7,
main.50017.text,流量表,,main.ftu,50017,TextView2,textview,text,window__6.textview__8,
main.50038.text,待机,,main.ftu,50038,RunStatusValueText,textview,text,window__6.window__9.textview__10,
main.50039.text,水压,,main.ftu,50039,WaterPressureLabel,textview,text,window__6.window__9.textview__11,
main.50040.text,无,,main.ftu,50040,WaterPressureValueText,textview,text,window__6.window__9.textview__12,
main.50041.text,流量,,main.ftu,50041,FlowLabel,textview,text,window__6.window__9.textview__13,
main.50042.text,无,,main.ftu,50042,FlowValueText,textview,text,window__6.window__9.textview__14,
main.50050.text,水泵1,,main.ftu,50050,PumpLabel1,textview,text,window__6.window__17.textview__19,
main.50051.text,水泵2,,main.ftu,50051,PumpLabel2,textview,text,window__6.window__17.textview__21,
main.50004.text,湿度未连接,,main.ftu,50004,TextView18,textview,text,window__6.window__17.textview__24,
main.50005.text,雨感未连接,,main.ftu,50005,TextView19,textview,text,window__6.window__17.textview__25,
main.50061.text,● 灌溉中,,main.ftu,50061,Window8LegendRunningText,textview,text,window__6.window__28.textview__35,
main.50062.text,● 等待,,main.ftu,50062,Window8LegendWaitingText,textview,text,window__6.window__28.textview__36,
main.50063.text,● 完成,,main.ftu,50063,Window8LegendCompletedText,textview,text,window__6.window__28.textview__37,
main.50290.text,雨雪延后设置,,main.ftu,50290,RainDelayTitleText,textview,text,window__6.window__39.textview__40,
main.50292.text,天,,main.ftu,50292,RainDelayUnitText,textview,text,window__6.window__39.textview__43,
main.20212.text,取消,,main.ftu,20212,RainDelayCancelButton,button,text,window__6.window__39.button__44,
main.20213.text,确定,,main.ftu,20213,RainDelayOkButton,button,text,window__6.window__39.button__45,
main.50293.text,湿度触发设置,,main.ftu,50293,HumidityThresholdTitleText,textview,text,window__6.window__46.textview__47,
main.20216.text,取消,,main.ftu,20216,HumidityThresholdCancelButton,button,text,window__6.window__46.button__51,
main.20217.text,确定,,main.ftu,20217,HumidityThresholdOkButton,button,text,window__6.window__46.button__52,
main.24033.text,删除,,main.ftu,24033,OperationSubItem,listview,text,window__54.listview__55.item.subItem.5,
main.24006.text,地址,,main.ftu,24006,AddressTipSubItem,listview,text,window__54.listview__57.item.subItem.0,
main.24007.text,名称,,main.ftu,24007,NameTipSubItem,listview,text,window__54.listview__57.item.subItem.1,
main.24008.text,类型,,main.ftu,24008,TypeTipSubItem,listview,text,window__54.listview__57.item.subItem.2,
main.24009.text,阀组编号,,main.ftu,24009,ArreTipSubItem,listview,text,window__54.listview__57.item.subItem.3,
main.24010.text,状态,,main.ftu,24010,StatusTipSubItem,listview,text,window__54.listview__57.item.subItem.4,
main.24034.text,操作,,main.ftu,24034,OperationTipSubItem,listview,text,window__54.listview__57.item.subItem.5,
main.50280.text,添加设备,,main.ftu,50280,W2AddDeviceTitleText,textview,text,window__54.window__59.textview__60,
main.50283.text,解码器类型,,main.ftu,50283,W2AddDeviceTypeLabelText,textview,text,window__54.window__59.textview__64,
main.50006.text,添加设备地址,,main.ftu,50006,TextView20,textview,text,window__54.window__59.textview__69,
main.50029.text,电磁阀[]未添加到阀组,,main.ftu,50029,W2TextView,textview,text,window__54.window__70.textview__71,
main.20102.text,喷雾程序,,main.ftu,20102,Button55,button,text,window__72.scrollwindow__73.window__74.window__75.button__78,
main.51015.text,程序1,,main.ftu,51015,ShowProgEditText,edittext,text,window__72.scrollwindow__73.window__74.window__79.edittext__80,
main.20103.text,启用,,main.ftu,20103,Button56,button,text,window__72.scrollwindow__73.window__74.window__84.button__87,
main.20104.text,开始时间,,main.ftu,20104,Button57,button,text,window__72.scrollwindow__73.window__74.window__88.button__106,
main.20030.text,星期模式,,main.ftu,20030,WeekModeButton,button,text,window__72.scrollwindow__73.window__74.window__107.button__108,
main.20034.text,星期三,,main.ftu,20034,WednesdayButton,button,text,window__72.scrollwindow__73.window__74.window__107.button__109,
main.20032.text,星期四,,main.ftu,20032,ThursdayButton,button,text,window__72.scrollwindow__73.window__74.window__107.button__110,
main.20033.text,星期五,,main.ftu,20033,FridayButton,button,text,window__72.scrollwindow__73.window__74.window__107.button__111,
main.20035.text,星期六,,main.ftu,20035,SaturdayButton,button,text,window__72.scrollwindow__73.window__74.window__107.button__112,
main.20036.text,每天,,main.ftu,20036,EverDayButton,button,text,window__72.scrollwindow__73.window__74.window__107.button__113,
main.20037.text,星期日,,main.ftu,20037,SundayButton,button,text,window__72.scrollwindow__73.window__74.window__107.button__114,
main.20038.text,星期一,,main.ftu,20038,MondayButton,button,text,window__72.scrollwindow__73.window__74.window__107.button__115,
main.20039.text,星期二,,main.ftu,20039,TuesdayButton,button,text,window__72.scrollwindow__73.window__74.window__107.button__116,
main.20031.text,隔天模式,,main.ftu,20031,IntervalModeButton,button,text,window__72.scrollwindow__73.window__74.window__118.button__119,
main.24013.text,阀组[],,main.ftu,24013,RunTimeNameSubItem,listview,text,window__72.scrollwindow__73.window__74.window__125.listview__126.item.subItem.0,
main.24014.text,时长 00小时 00分 00秒,,main.ftu,24014,RunTimeValueSubItem,listview,text,window__72.scrollwindow__73.window__74.window__125.listview__126.item.subItem.1,
main.50030.text,提示用户,,main.ftu,50030,W3TipTextView,textview,text,window__72.window__128.textview__129,
main.20050.text,设备测试,,main.ftu,20050,Button20,button,text,window__130.window__131.button__132,
main.24016.text,名称,,main.ftu,24016,DeviceTestNameTipSubItem,listview,text,window__130.window__131.listview__133.item.subItem.0,
main.24017.text,编号,,main.ftu,24017,DeviceTestActionTipSubItem,listview,text,window__130.window__131.listview__133.item.subItem.1,
main.24015.text,操作,,main.ftu,24015,DeviceTestNumTipSubItem,listview,text,window__130.window__131.listview__133.item.subItem.2,
main.24019.text,水泵1,,main.ftu,24019,DeviceTestNameValueSubItem,listview,text,window__130.window__131.listview__135.item.subItem.1,
main.20051.text,阀组测试,,main.ftu,20051,Button21,button,text,window__130.window__137.button__138,
main.24021.text,编号,,main.ftu,24021,GroupTestNumTipSubItem,listview,text,window__130.window__137.listview__139.item.subItem.0,
main.24022.text,名称,,main.ftu,24022,GroupTestNameTipSubItem,listview,text,window__130.window__137.listview__139.item.subItem.1,
main.24023.text,操作,,main.ftu,24023,GroupTestActionTipSubItem,listview,text,window__130.window__137.listview__139.item.subItem.2,
main.24025.text,阀组[1],,main.ftu,24025,GroupTestNameValueSubItem,listview,text,window__130.window__137.listview__141.item.subItem.1,
main.50092.text,分,,main.ftu,50092,Window4RoundMinLabelText,textview,text,window__130.window__137.textview__144,
main.50093.text,秒,,main.ftu,50093,Window4RoundSecLabelText,textview,text,window__130.window__137.textview__146,
main.20052.text,传感器数据,,main.ftu,20052,Button22,button,text,window__130.window__148.button__149,
main.24027.text,编号,,main.ftu,24027,SubItem13,listview,text,window__130.window__148.listview__150.item.subItem.0,
main.24028.text,名称,,main.ftu,24028,SubItem14,listview,text,window__130.window__148.listview__150.item.subItem.1,
main.24029.text,数据,,main.ftu,24029,SubItem15,listview,text,window__130.window__148.listview__150.item.subItem.2,
main.24031.text,水压表,,main.ftu,24031,SenserTestNameValueSubItem,listview,text,window__130.window__148.listview__152.item.subItem.1,
main.50091.text,提示,,main.ftu,50091,Window4RoundIrrigationTipText,textview,text,window__130.window__154.textview__155,
main.20055.text,关阀,,main.ftu,20055,UartValueOffButton,button,text,window__158.button__159,
main.20056.text,开阀,,main.ftu,20056,UartValueOnButton,button,text,window__158.button__160,
main.20075.text,测试地址,,main.ftu,20075,TestAdressOkButton,button,text,window__158.button__162,
main.20077.text,修改地址,,main.ftu,20077,ChangeAdressOkButton,button,text,window__158.button__163,
main.22001.text,传感器,,main.ftu,22001,SenserRadioButton,radiogroup,text,window__158.radiogroup__164.radiobuttons.0,
main.22002.text,电磁阀,,main.ftu,22002,ValueRadioButton,radiogroup,text,window__158.radiogroup__164.radiobuttons.1,
main.20053.text,解码器类型：电磁阀,,main.ftu,20053,Button40,button,text,window__158.button__165,
main.50001.text,源地址,,main.ftu,50001,TextView12,textview,text,window__158.textview__167,
main.50002.text,目标地址,,main.ftu,50002,TextView17,textview,text,window__158.textview__168,
main.20054.text,强制修改,,main.ftu,20054,MustChangeAdressButton,button,text,window__158.button__169,
main.50090.text,地址,,main.ftu,50090,ValveAddressLabelText,textview,text,window__158.textview__170,
main.50095.text,选择类型,,main.ftu,50095,Window5TypePopupTitleText,textview,text,window__158.window__179.textview__180,
main.20092.text,雨量,,main.ftu,20092,Window5TypeRainButton,button,text,window__158.window__179.button__181,
main.20093.text,湿度,,main.ftu,20093,Window5TypeHumidityButton,button,text,window__158.window__179.button__182,
main.20094.text,水压,,main.ftu,20094,Window5TypePressureButton,button,text,window__158.window__179.button__183,
main.20095.text,流量,,main.ftu,20095,Window5TypeFlowButton,button,text,window__158.window__179.button__184,
main.20096.text,AC电磁阀,,main.ftu,20096,Window5TypeACValveButton,button,text,window__158.window__179.button__185,
main.20097.text,DC电磁阀,,main.ftu,20097,Window5TypeDCValveButton,button,text,window__158.window__179.button__186,
main.20059.text,启动时间,,main.ftu,20059,Button23,button,text,window__188.button__189,
main.20061.text,开始时间,,main.ftu,20061,Button24,button,text,window__188.button__206,
main.20066.text,关闭时间,,main.ftu,20066,Button31,button,text,window__188.button__207,
main.20067.text,时,,main.ftu,20067,Button32,button,text,window__188.button__209,
main.20068.text,秒,,main.ftu,20068,Button33,button,text,window__188.button__210,
main.20069.text,分,,main.ftu,20069,Button34,button,text,window__188.button__211,
main.20070.text,秒,,main.ftu,20070,Button35,button,text,window__188.button__216,
main.20071.text,分,,main.ftu,20071,Button36,button,text,window__188.button__218,
main.20072.text,时,,main.ftu,20072,Button37,button,text,window__188.button__219,
main.20073.text,喷雾间隔,,main.ftu,20073,Button38,button,text,window__188.button__220,
main.20074.text,天 每天,,main.ftu,20074,Button39,button,text,window__188.button__222,
main.50112.text,喷雾次数,,main.ftu,50112,CycleCountLabel,textview,text,window__188.textview__225,
main.50113.text,次,,main.ftu,50113,CycleCountUnitText,textview,text,window__188.textview__227,
main.50031.text,提示用户,,main.ftu,50031,CycleTipTextView,textview,text,window__188.textview__228,
main.50018.text,设备地址,,main.ftu,50018,TextView1,textview,text,window__229.window__230.textview__232,
main.50019.text,设备名称,,main.ftu,50019,TextView3,textview,text,window__229.window__230.textview__233,
main.24011.text,阀组[],,main.ftu,24011,IrrArr_SubItem,listview,text,window__229.window__239.listview__240.item.subItem.0,
main.20011.text,确认,,main.ftu,20011,W2_OkButton,button,text,window__229.window__239.button__242,
main.20013.text,取消,,main.ftu,20013,W2_CencelButton,button,text,window__229.window__239.button__243,
main.20016.text,一键添加,,main.ftu,20016,Button43,button,text,window__229.window__239.button__244,
main.50003.text,已选阀组,,main.ftu,50003,TextView21,textview,text,window__229.window__245.textview__254,
main.50007.text,关联传感器,,main.ftu,50007,TextView22,textview,text,window__229.window__245.textview__255,
main.50008.text,清空阀组,,main.ftu,50008,TextView23,textview,text,window__229.window__245.textview__256,
main.50009.text,删除阀组,,main.ftu,50009,TextView24,textview,text,window__229.window__245.textview__257,
main.50010.text,修改名称,,main.ftu,50010,TextView25,textview,text,window__229.window__245.textview__258,
main.50101.text,设置阀组容量,,main.ftu,50101,IrrCapacityModeTitleText,textview,text,window__229.window__261.textview__265,
main.50102.text,单个阀组,,main.ftu,50102,IrrCapacitySeparateModeLabelText,textview,text,window__229.window__261.textview__268,
main.50103.text,所有阀组,,main.ftu,50103,IrrCapacityUniformModeLabelText,textview,text,window__229.window__261.textview__269,
main.20184.text,取消,,main.ftu,20184,IrrCapacityCancelButton,button,text,window__229.window__261.button__270,
main.20185.text,确认,,main.ftu,20185,IrrCapacityOkButton,button,text,window__229.window__261.button__271,
main.50104.text,阀组,,main.ftu,50104,IrrCapacityGroupLabelText,textview,text,window__229.window__261.textview__272,
main.50105.text,容量,,main.ftu,50105,IrrCapacityValueLabelText,textview,text,window__229.window__261.textview__275,
main.20179.text,确认,,main.ftu,20179,GroupRenameOkButton,button,text,window__229.window__280.button__282,
main.20180.text,取消,,main.ftu,20180,GroupRenameCancelButton,button,text,window__229.window__280.button__283,
main.20007.text,取消,,main.ftu,20007,Button7,button,text,window__229.window__284.button__285,
main.20079.text,全部,,main.ftu,20079,Button44,button,text,window__229.window__284.button__286,
main.50065.text,关联传感器     阀组[1],,main.ftu,50065,ClearIrrPromptTextView,textview,text,window__229.window__284.textview__287,
main.20086.text,确认,,main.ftu,20086,Button47,button,text,window__229.window__284.button__291,
main.50096.text,当前设备已在阀组[1]\n请选择移除或转移至阀组[1]               ,,main.ftu,50096,Window11PromptText,textview,text,window__229.window__292.textview__293,
main.20193.text,移除,,main.ftu,20193,Window11RemoveButton,button,text,window__229.window__292.button__294,
main.20192.text,转移至,,main.ftu,20192,Window11MoveButton,button,text,window__229.window__292.button__295,
main.50021.text,阀组编号,,main.ftu,50021,TextView4,textview,text,window__298.window__299.textview__300,
main.50011.text,阀组名称,,main.ftu,50011,TextView5,textview,text,window__298.window__299.textview__305,
main.50012.text,关联水泵,,main.ftu,50012,TextView6,textview,text,window__298.window__299.textview__306,
main.50013.text,关联传感器,,main.ftu,50013,TextView7,textview,text,window__298.window__299.textview__307,
main.20019.text,选择水泵,,main.ftu,20019,SelectPumpButton,button,text,window__298.window__308.button__309,
main.item.text,水泵1,,main.ftu,,item,listview,text,window__298.window__308.listview__310.item,
main.20020.text,选择传感器,,main.ftu,20020,SelectSenserButton,button,text,window__298.window__312.button__313,
main.item.text,雨量,,main.ftu,,item,listview,text,window__298.window__312.listview__314.item,
main.20015.text,取消,,main.ftu,20015,GroupCencelButton,button,text,window__298.window__316.button__317,
main.20018.text,关联,,main.ftu,20018,GroupAddButton,button,text,window__298.window__316.button__318,
main.20043.text,当前阀组[x] 设置运行时间,,main.ftu,20043,Button16,button,text,window__321.button__322,
main.20044.text,时,,main.ftu,20044,Button17,button,text,window__321.button__324,
main.20045.text,分,,main.ftu,20045,Button18,button,text,window__321.button__325,
main.20046.text,秒,,main.ftu,20046,Button19,button,text,window__321.button__327,
main.20047.text,确认,,main.ftu,20047,SetRunTimeOKButton,button,text,window__321.button__329,
main.20048.text,取消,,main.ftu,20048,SetRunTimeCencelButton,button,text,window__321.button__330,
main.20049.text,清除,,main.ftu,20049,SetRunTimeZeroButton,button,text,window__321.button__331,
main.50094.text,"编辑当前阀组的运行时间，
还是编辑所有阀组？",,main.ftu,50094,RunTimeScopePromptText,textview,text,window__334.textview__335,
main.20189.text,取消,,main.ftu,20189,RunTimeScopeCancelButton,button,text,window__334.button__336,
main.20190.text,当前,,main.ftu,20190,RunTimeScopeCurrentButton,button,text,window__334.button__337,
main.20191.text,全部,,main.ftu,20191,RunTimeScopeAllButton,button,text,window__334.button__338,
main.50267.text,"周
日",,main.ftu,50267,TextViewClockWeek,textview,text,textview__340,
main.50271.text,正在检查网络,,main.ftu,50271,MainWifiTipTextView,textview,text,window__341.textview__342,
main.50299.text,灌溉日志,,main.ftu,50299,LogTitleText,textview,text,window__344.textview__345,
main.50300.text,暂无灌溉日志,,main.ftu,50300,LogLine1,textview,text,window__344.textview__346,
main.20087.text,总览,,main.ftu,20087,Button50,button,text,button__376,
main.20088.text,设备,,main.ftu,20088,Button51,button,text,button__377,
main.20089.text,计划,,main.ftu,20089,Button52,button,text,button__378,
main.20100.text,测试,,main.ftu,20100,Button53,button,text,button__379,
main.20101.text,日志,,main.ftu,20101,Button54,button,text,button__380,
page1topset.20019.text,系统设置,,page1topset.ftu,20019,Button10,button,text,window__1.window__2.button__5,
page1topset.20012.text,以太网,,page1topset.ftu,20012,Button3,button,text,window__1.window__6.window__7.button__17,
page1topset.20014.text,时间,,page1topset.ftu,20014,Button5,button,text,window__1.window__6.window__7.button__19,
page1topset.20015.text,语言,,page1topset.ftu,20015,Button6,button,text,window__1.window__6.window__7.button__20,
page1topset.20016.text,调试,,page1topset.ftu,20016,Button7,button,text,window__1.window__6.window__7.button__21,
page1topset.20017.text,显示,,page1topset.ftu,20017,Button8,button,text,window__1.window__6.window__7.button__22,
page1topset.20018.text,版本号,,page1topset.ftu,20018,Button9,button,text,window__1.window__6.window__7.button__23,
page1topset.50070.text,系统版本,,page1topset.ftu,50070,RemoteUpgradeTitleText,textview,text,window__1.window__6.window__7.window__24.textview__25,
page1topset.50071.text,软件版本：1.0.68,,page1topset.ftu,50071,RemoteUpgradeVersionText,textview,text,window__1.window__6.window__7.window__24.textview__26,
page1topset.20010.text,取消,,page1topset.ftu,20010,DebugPasswordCancelButton,button,text,window__1.window__27.button__30,
page1topset.20011.text,确认,,page1topset.ftu,20011,DebugPasswordOkButton,button,text,window__1.window__27.button__31,
setdisplay.50001.text,熄屏时间,,setdisplay.ftu,50001,TextTime,textview,text,textview__4,
setdisplay.50002.text,显示亮度,,setdisplay.ftu,50002,TextView1,textview,text,textview__5,
showsysdate.20018.text,同步时间,,showsysdate.ftu,20018,SyncTimeButton,button,text,window__1.button__5,
showsysdate.20019.text,使用24小时制,,showsysdate.ftu,20019,TwentyFourHourButton,button,text,window__1.button__6,
showsysdate.50004.text,设置日期,,showsysdate.ftu,50004,TextView1,textview,text,window__1.textview__8,
showsysdate.50002.text,2026年6月17日,,showsysdate.ftu,50002,TextDate,textview,text,window__1.textview__9,
showsysdate.50005.text,设置时间,,showsysdate.ftu,50005,TextView2,textview,text,window__1.textview__10,
showsysdate.50003.text,星期一,,showsysdate.ftu,50003,TextWeek,textview,text,window__1.textview__11,
showsysdate.50006.text,日,,showsysdate.ftu,50006,TextView3,textview,text,window__1.textview__12,
showsysdate.50020.text,设置日期,,showsysdate.ftu,50020,DatePickerMonth,textview,text,window__1.window__17.textview__19,
showsysdate.50050.text,年,,showsysdate.ftu,50050,DateInputLabel0,textview,text,window__1.window__17.textview__21,
showsysdate.50051.text,月,,showsysdate.ftu,50051,DateInputLabel1,textview,text,window__1.window__17.textview__23,
showsysdate.50052.text,日,,showsysdate.ftu,50052,DateInputLabel2,textview,text,window__1.window__17.textview__25,
showsysdate.50040.text,设置时间,,showsysdate.ftu,50040,TimePickerTitle,textview,text,window__1.window__28.textview__30,
showsysdate.50007.text,时,,showsysdate.ftu,50007,TextView4,textview,text,window__1.window__28.textview__32,
showsysdate.50008.text,分,,showsysdate.ftu,50008,TextView5,textview,text,window__1.window__28.textview__34,
showsysdate.50009.text,秒,,showsysdate.ftu,50009,TextView6,textview,text,window__1.window__28.textview__36,
showsysdate.50270.text,设置时区,,showsysdate.ftu,50270,TimezoneTitleText,textview,text,window__1.textview__39,
showsysdate.20600.text,UTC+8 北京,,showsysdate.ftu,20600,TimezoneSelectButton,button,text,window__1.button__40,
showsysdate.20601.text,UTC-8 洛杉矶,,showsysdate.ftu,20601,TimezoneOptionButton1,button,text,window__1.window__41.button__42,
showsysdate.20602.text,UTC-5 纽约,,showsysdate.ftu,20602,TimezoneOptionButton2,button,text,window__1.window__41.button__43,
showsysdate.20603.text,UTC+0 伦敦,,showsysdate.ftu,20603,TimezoneOptionButton3,button,text,window__1.window__41.button__44,
showsysdate.20604.text,UTC+1 巴黎,,showsysdate.ftu,20604,TimezoneOptionButton4,button,text,window__1.window__41.button__45,
showsysdate.20605.text,UTC+3 莫斯科,,showsysdate.ftu,20605,TimezoneOptionButton5,button,text,window__1.window__41.button__46,
showsysdate.20606.text,UTC+5:30 印度,,showsysdate.ftu,20606,TimezoneOptionButton6,button,text,window__1.window__41.button__47,
showsysdate.20607.text,UTC+7 曼谷,,showsysdate.ftu,20607,TimezoneOptionButton7,button,text,window__1.window__41.button__48,
showsysdate.20608.text,UTC+8 北京,,showsysdate.ftu,20608,TimezoneOptionButton8,button,text,window__1.window__41.button__49,
showsysdate.20609.text,UTC+9 东京,,showsysdate.ftu,20609,TimezoneOptionButton9,button,text,window__1.window__41.button__50,
showsysdate.20610.text,UTC+10 悉尼,,showsysdate.ftu,20610,TimezoneOptionButton10,button,text,window__1.window__41.button__51,
showsysdate.50061.text,时间同步失败,,showsysdate.ftu,50061,SyncFailureTitle,textview,text,window__1.window__52.textview__54,
showsysdate.50062.text,网络故障，同步失败,,showsysdate.ftu,50062,SyncFailureMessage,textview,text,window__1.window__52.textview__55,
wifisetting.20009.text,连接,,wifisetting.ftu,20009,ButtonConnect,button,text,window__10.button__11,
wifisetting.50021.text,名称：,,wifisetting.ftu,50021,Textview5,textview,text,window__10.textview__13,
wifisetting.50022.text,加密方式：,,wifisetting.ftu,50022,Textview7,textview,text,window__10.textview__14,
wifisetting.50023.text,密码：,,wifisetting.ftu,50023,Textview9,textview,text,window__10.textview__15,
wifisetting.20001.text,显示密码,,wifisetting.ftu,20001,ButtonShowPwd,button,text,window__10.button__18,
wifisetting.20010.text,断开连接,,wifisetting.ftu,20010,ButtonDisconnect,button,text,window__19.button__20,
wifisetting.50027.text,名称：,,wifisetting.ftu,50027,Textview15,textview,text,window__19.textview__21,
wifisetting.50028.text,加密方式：,,wifisetting.ftu,50028,Textview17,textview,text,window__19.textview__22,
wifisetting.50029.text,连接状态：,,wifisetting.ftu,50029,Textview19,textview,text,window__19.textview__23,
wifisetting.50032.text,已连接,,wifisetting.ftu,50032,TextConnectState,textview,text,window__19.textview__26,
wifisetting.50038.text,密码错误,,wifisetting.ftu,50038,Textview27,textview,text,window__27.textview__28,
wifisetting.50001.text,IP地址：,,wifisetting.ftu,50001,Textview2,textview,text,window__29.textview__30,
wifisetting.50003.text,MAC地址：,,wifisetting.ftu,50003,Textview6,textview,text,window__29.textview__31,
